id,firstname,lastname,age
1,Liam,Johnson,27
2,Olivia,Williams,34
3,Noah,Smith,29
4,Emma,Brown,31
5,Elijah,Jones,26
6,Ava,Davis,38
7,Oliver,Miller,42
8,Sophia,Wilson,33
9,Lucas,Moore,30
10,Mia,Taylor,36
11,James,Anderson,39
12,Amelia,Thomas,28
13,Benjamin,Jackson,35
14,Isabella,White,37
15,Ethan,Harris,32
16,Charlotte,Martin,40
17,Alexander,Thompson,43
18,Harper,Garcia,25
19,Jacob,Martinez,41
20,Abigail,Robinson,44
21,Daniel,Clark,27
22,Emily,Rodriguez,29
23,William,Lewis,31
24,Madison,Lee,34
25,Michael,Walker,36
26,Sophia,Hall,39
27,Alexander,Allen,28
28,Mia,Young,30
29,Henry,Hernandez,33
30,Ava,King,37
31,Jackson,Wright,42
32,Emma,Lopez,26
33,Noah,Hill,35
34,Aria,Scott,38
35,Samuel,Green,41
36,Chloe,Adams,43
37,Liam,Baker,24
38,Evelyn,Nelson,29
39,Sebastian,Carter,31
40,Harper,Perez,36
41,Alexander,Sanchez,39
42,Amelia,Roberts,28
43,Benjamin,Chavez,33
44,Olivia,Torres,37
45,Elijah,Nguyen,42
46,Sofia,Collins,25
47,Ethan,Bell,30
48,Charlotte,Rivera,35
49,Daniel,Campbell,40
50,Ava,Mitchell,44
51,James,Carter,27
52,Isabella,Gray,32
53,Noah,Cook,38
54,Mia,James,41
55,William,Murphy,29
56,Olivia,Collins,33
57,Benjamin,Jenkins,36
58,Emily,Bennett,39
59,Lucas,Reed,26
60,Amelia,Flores,30
61,Harper,Russell,34
62,Sophia,Long,43
63,Alexander,Foster,44
64,Mia,Ross,37
65,Elijah,Bryant,28
66,Charlotte,Nguyen,41
67,Noah,Myers,39
68,Ava,Simmons,31
69,William,Gray,35
70,Amelia,Morris,38
71,Benjamin,Wagner,42
72,Olivia,Tucker,29
73,Lucas,Carver,33
74,Emily,Parks,36
75,Mia,Parsons,30
76,Ethan,McDonald,43
77,Sophia,Barron,26
78,Jackson,Shepherd,40
79,Ava,Holmes,44
80,Oliver,Yates,27
81,Isabella,Nash,31
82,Liam,Buchanan,35
83,Emma,Burgess,38
84,Noah,Thornton,42
85,Sophia,Waters,29
86,William,Gentry,33
87,Mia,Forbes,36
88,Ava,Gould,40
89,Lucas,English,44
90,Olivia,Barr,27
91,Elijah,Stuart,31
92,Charlotte,Coffey,35
93,Alexander,Puckett,38
94,Amelia,Ritter,42
95,Benjamin,McNeil,29
96,Ava,Dyer,33
97,Mia,Barron,36
98,Noah,Frederick,40